{"cameraMode":{"drawMode":0,"name":"Shaded","section":"Shading Mode"},"sceneLighting":true,"audioPlay":false,"sceneViewState":{"m_AlwaysRefresh":false,"showFog":true,"showSkybox":true,"showFlares":true,"showImageEffects":true,"showParticleSystems":true,"showVisualEffectGraphs":true,"m_FxEnabled":true},"in2DMode":false,"pivot":{"x":13.387231826782227,"y":65.53605651855469,"z":37.776432037353519},"rotation":{"x":-0.006467271130532026,"y":-0.8371273875236511,"z":0.5476230978965759,"w":-0.008108812384307385},"size":2.2694339752197267,"orthographic":false}