{"cameraMode":{"drawMode":0,"name":"Shaded","section":"Shading Mode"},"sceneLighting":true,"audioPlay":false,"sceneViewState":{"m_AlwaysRefresh":false,"showFog":true,"showSkybox":true,"showFlares":true,"showImageEffects":true,"showParticleSystems":true,"showVisualEffectGraphs":true,"m_FxEnabled":true},"in2DMode":false,"pivot":{"x":62.233211517333987,"y":42.32491683959961,"z":-15.333130836486817},"rotation":{"x":-0.27999407052993777,"y":0.6229754090309143,"z":-0.25370657444000246,"w":-0.6854901313781738},"size":2.5151987075805666,"orthographic":false}